,mean_fit_time,std_fit_time,mean_score_time,std_score_time,param_model__penalty,params,split0_test_score,split1_test_score,mean_test_score,std_test_score,rank_test_score
0,1.0390995740890503,0.09404146671295166,0.7821784019470215,0.10401344299316406,l2,{'model__penalty': 'l2'},0.5945707468805759,0.5954739842803636,0.5950223655804697,0.00045161869989385206,1
